{
  "id": "e62219e1-939f-4955-a427-ce67016b9079",
  "name": "Hobson TODOs",
  "type": "871ae771-b9b1-4f40-8c7f-d9038bfb69c3",
  "created": 1768757727983,
  "modified": 1770130647169,
  "content": {
    "title": "Hobson TODOs",
    "description": "Place to collect work items(bugs and features)"
  },
  "tags": [
    "c1d2e85e-fb69-4de6-afe2-ade6eb79567f"
  ],
  "preferredView": "69253de7-a08d-40e3-b8da-ec88ee33a25a",
  "attachments": [
    {
      "id": "c715e2ee-7f46-4ce2-b598-367119211cf4",
      "view": {
        "type": null,
        "x": 1065.3333129882812,
        "y": 384.3333282470703,
        "width": 400,
        "height": 300,
        "z": 1001
      },
      "previousView": {
        "type": "82a0838f-2b83-4b56-ab44-19cff07c8245",
        "x": 1065.3333129882812,
        "y": 384.3333282470703,
        "width": 400,
        "height": 300,
        "z": 1001
      }
    },
    {
      "id": "d8cfdf91-c9e6-4100-bab0-82d53aa5d4b1",
      "view": {
        "x": 982.3333129882812,
        "y": 287.3333282470703,
        "width": 400,
        "height": 300,
        "z": 1002
      }
    },
    {
      "id": "cb4397fb-bdd5-41c1-96b6-292ff5359c15",
      "view": {
        "x": 983.3333129882812,
        "y": 417.3333282470703,
        "width": 400,
        "height": 300,
        "z": 1003
      }
    }
  ]
}