{
  "id": "e62219e1-939f-4955-a427-ce67016b9079",
  "name": "Hobson TODOs",
  "type": "871ae771-b9b1-4f40-8c7f-d9038bfb69c3",
  "created": 1768757727983,
  "modified": 1769442274290,
  "children": [
    {
      "id": "c3bcce0f-26f0-43ec-963a-c36cc4205d8c",
      "x": 1065.3333129882812,
      "y": 119.33332824707031,
      "width": 400,
      "height": 300,
      "z": 1000
    },
    {
      "id": "16c388b1-3b60-4ae6-9838-5c85f987abb1",
      "x": 1043.3333129882812,
      "y": 491.3333282470703,
      "width": 400,
      "height": 300,
      "z": 1002
    },
    {
      "id": "c715e2ee-7f46-4ce2-b598-367119211cf4",
      "x": 1065.3333129882812,
      "y": 384.3333282470703,
      "width": 400,
      "height": 300,
      "z": 1001
    }
  ],
  "content": {
    "title": "Hobson TODOs",
    "description": "Place to collect work items(bugs and features)"
  },
  "tags": [
    "c1d2e85e-fb69-4de6-afe2-ade6eb79567f"
  ]
}