{
  "id": "e62219e1-939f-4955-a427-ce67016b9079",
  "name": "Hobson TODOs",
  "type": "871ae771-b9b1-4f40-8c7f-d9038bfb69c3",
  "created": 1768757727983,
  "modified": 1770469099718,
  "content": {
    "title": "Hobson TODOs",
    "description": "Place to collect work items(bugs and features)",
    "tags": [
      "c1d2e85e-fb69-4de6-afe2-ade6eb79567f"
    ]
  },
  "preferredView": "69253de7-a08d-40e3-b8da-ec88ee33a25a",
  "attachments": [
    {
      "id": "8b01331a-edc0-49a7-b5e3-d8a4cee8e4eb",
      "view": {
        "x": 888.3333129882812,
        "y": 672.3333282470703,
        "width": 600,
        "height": 500,
        "z": 1005
      }
    },
    {
      "id": "83c73e73-a2f7-4505-b501-edc0e4e90c03",
      "view": {
        "x": 846.3333129882812,
        "y": 512.3333282470703,
        "width": 600,
        "height": 500,
        "z": 1004
      }
    },
    {
      "id": "d8cfdf91-c9e6-4100-bab0-82d53aa5d4b1",
      "view": {
        "x": 982.3333129882812,
        "y": 287.3333282470703,
        "width": 400,
        "height": 300,
        "z": 1002
      }
    },
    {
      "id": "51046b79-53a3-477c-bf76-642eb318770d",
      "view": {
        "x": 808.3333129882812,
        "y": 334.3333282470703,
        "width": 600,
        "height": 500,
        "z": 1003
      }
    }
  ]
}